Model,RMSE,MAPE (%),MAE,Train time (s)
Prophet,16025.8,15.253,14403.9,0.3302500247955322
SARIMA,23451.6,21.382,18886.9,8.275981187820435
XGBoost,3986.8,3.111,2896.8,0.7017395496368408
EIA Forecast (DF),3435.6,3.016,2808.4,
